{
  "Epoch": 142,
  "Avg_N_robots": 8.0,
  "Avg_reward": 54.17593532819881,
  "Avg_arrived": 0.9237499999999859,
  "Avg_collision": 0.040000000000000015,
  "Avg_timeout": 0.036250000000014104
}
