{"robots": [{"xs": [-0.511752339007022, -0.421105032181758, -0.3267187060787131, -0.23028197086908547, -0.13122119778782212, -0.031473873826059096, 0.06774156134629283, 0.16528890611170305, 0.2622402671273375, 0.3585672053562121, 0.4544935911036536, 0.5509180380253313, 0.6479884618118472, 0.7456437511351662, 0.8439076586203126, 0.9427645506203759, 1.0421688529658817, 1.1419832595846382, 1.2419722019869008, 1.341700417612675, 1.4406395785767694, 1.5382697226509052, 1.6345032655479972, 1.7297021261042957, 1.823479216267251, 1.9164605746363494, 2.0085764028558537], "ys": [-3.4800465909851956, -3.438339206133161, -3.4058785916578995, -3.38317071081187, -3.370041591708802, -3.3668299899667824, -3.373518707472235, -3.3897870336106126, -3.412259064977856, -3.4385668753222594, -3.4668154696700952, -3.493316409461394, -3.5173432923782104, -3.538869585286075, -3.55742082399035, -3.572495734117888, -3.5833927127856606, -3.5894598415842722, -3.59091920414388, -3.5835520701386807, -3.5690250169218394, -3.5473836856443706, -3.5201973384665823, -3.4895866405848652, -3.4548617843956584, -3.418059331973729, -3.3791405778433132], "thetas": [0.5312196031078567, 0.431226362274574, 0.33124117998926517, 0.23125655798761713, 0.1317680492862925, 0.03218625335543024, -0.06731424183995838, -0.16525276155622137, -0.22776461095960254, -0.26660786123426083, -0.28638675661237345, -0.2682140290871393, -0.24264329971225385, -0.21696175934226636, -0.18659380377681378, -0.1513264626398816, -0.10918682814986846, -0.06070940495879773, -0.01459420324714289, 0.07373817561714535, 0.1457864522799719, 0.2181393027171361, 0.27532901762573614, 0.31110361515133267, 0.3546362638339269, 0.3768844574555623, 0.3997495323285327], "goal": [2.204101608582623, -3.2271533345251786], "outcome": "arrived"}, {"xs": [2.7525431812952172, 2.7525431812952172, 2.7525431812952172, 2.7525431812952172, 2.7525431812952172, 2.7525431812952172, 2.7525431812952172, 2.7525431812952172, 2.7525431812952172, 2.7525431812952172, 2.7525431812952172, 2.7525431812952172, 2.7525431812952172, 2.7525431812952172, 2.7525431812952172, 2.7525431812952172, 2.851656926515871, 2.951140010239896, 3.0507979495820754, 3.1493721977813354, 3.2457796998302904, 3.3390336135533527, 3.427698155402636, 3.5119421312801236, 3.590430957906072, 3.662282654815004, 3.726790556617813, 3.7835411599299222, 3.8319254668365224, 3.8714924074077373, 3.9018684228376204, 3.922678672707726, 3.933703000081824, 3.9347620595722037, 3.925880065811465, 3.909583164126072, 3.8913435575793502, 3.866183774707503, 3.836067989229961, 3.800146224680555, 3.762623586342197, 3.7283306083275924, 3.6975300849361226, 3.671220279820155], "ys": [-2.748648652900749, -2.748648652900749, -2.748648652900749, -2.748648652900749, -2.748648652900749, -2.748648652900749, -2.748648652900749, -2.748648652900749, -2.748648652900749, -2.748648652900749, -2.748648652900749, -2.748648652900749, -2.748648652900749, -2.748648652900749, -2.748648652900749, -2.748648652900749, -2.7618429625950895, -2.7650690575028736, -2.7583241876637237, -2.741649051040841, -2.7152188396386214, -2.679308817653227, -2.6345402284706725, -2.5808300898378405, -2.518956184230988, -2.4496216775913995, -2.37354295072417, -2.2912344782116434, -2.2037216123988523, -2.1118829603785856, -2.0166081163825744, -1.918797420095047, -1.8194069987190402, -1.7194126098917195, -1.6198078609361124, -1.5211447663815343, -1.4228222584755215, -1.3260390835862057, -1.230681681667669, -1.1373566035411296, -1.044663704513229, -0.9507276796998796, -0.8555893418916012, -0.7591124350241371], "thetas": [-1.7322806691261232, -1.6322806691261231, -1.532280669126123, -1.432280669126123, -1.3322806691261229, -1.2322806691261228, -1.1322806691261227, -1.0322806691261226, -0.9322806750865871, -0.8322806810470516, -0.732280687007516, -0.6322806870075159, -0.5322806870075159, -0.43228068700751576, -0.3322806870075157, -0.23228068700751558, -0.13234477392157817, -0.032417217406838006, 0.06757714995423081, 0.16757676252403986, 0.26757671484032386, 0.3675766909984661, 0.46757665523567926, 0.5675764823822096, 0.6675751114753798, 0.7675711835292889, 0.867516955223472, 0.9671611214546276, 1.0657429779438097, 1.1639971340564808, 1.2621594751743395, 1.3611617291835865, 1.4603284681705553, 1.5602055335907057, 1.6597334826854784, 1.734495523062142, 1.754219185796174, 1.825127195802125, 1.876703059163484, 1.9382268662122817, 1.9554388979939556, 1.9208306352166273, 1.883892343428526, 1.8370283226040938], "goal": [3.581551393787926, -0.5341479795881137], "outcome": "arrived"}, {"xs": [2.543862915437055, 2.5438800659612455, 2.5458307062267633, 2.5489344908935037, 2.5564985843494794, 2.568032347695953, 2.5851201559639776, 2.5853403273925393, 2.585342036738557, 2.585343899374016, 2.585343922460883, 2.5853439881590727, 2.5853439881590727, 2.5853439881590727, 2.5853439881590727, 2.5853441644146087, 2.5853701571629975, 2.5934932880342263, 2.5916291454807867, 2.5797930847202863, 2.5582348479571295, 2.5269288719176637, 2.4863253207357108, 2.436843172003513, 2.378930880051891, 2.3132366042668293, 2.2402907168381656, 2.161504277246683, 2.076506722685599, 1.9871153526798955, 1.894866548985166, 1.8004523323542994, 1.7060407137269384, 1.6114676308824822, 1.516543882341797, 1.4223719236676164, 1.3286575319855425, 1.2348159156228384, 1.1423245907683788, 1.0511205889853015, 0.9610806297529626, 0.8720176987955656, 0.7853294130110103, 0.7018958702441547, 0.6218679386483953, 0.5449557692042432, 0.4714312241605355, 0.4005937594058625, 0.3307106064429951, 0.259571032660404, 0.18856939726742517, 0.11892267631071113, 0.0535941208192255, -0.0054739271607334924, -0.06217010490614914, -0.12161659321679047, -0.18521215706786903, -0.2432906773907741, -0.3028723055886883, -0.3649418573793325, -0.4206551077707135, -0.4765676471739765, -0.5255798646571795, -0.5780379089458441], "ys": [1.2631275100728727, 1.263129410952035, 1.2631497955893558, 1.2628711110665032, 1.261419931991728, 1.2579838097002867, 1.2509689151069585, 1.2508516333818194, 1.2508504902485602, 1.2508489546940162, 1.2508489314197289, 1.2508488504016226, 1.2508488504016226, 1.2508488504016226, 1.2508488504016226, 1.2508482405724226, 1.2507064919310902, 1.1510817382961633, 1.0511001790710213, 0.951806475802551, 0.8547823870943242, 0.759882356142637, 0.6686272542455318, 0.5819321929220448, 0.5005788712839402, 0.4254701324743356, 0.35717352955334203, 0.2968988218662835, 0.24426750423742172, 0.19944398583698927, 0.16084151098970584, 0.12788851012882863, 0.094933908102899, 0.06244177239010055, 0.030988800496990897, -0.0026501592771956267, -0.03754387883381818, -0.07209442600172711, -0.11011221713273811, -0.15112231674994403, -0.19462867671320797, -0.2401016570981826, -0.2899528407520222, -0.34507854569377167, -0.40504127058486705, -0.46895150134135544, -0.5367315875320866, -0.6073152428287457, -0.6788438646515911, -0.7491230297151522, -0.8195414849014724, -0.8913002969556133, -0.967011449669748, -1.047701982767249, -1.1300757307265212, -1.210483006826178, -1.2876260312337253, -1.369029164079106, -1.4493380415201904, -1.5275833750357912, -1.6105610076711474, -1.6934575958063802, -1.7800109055901405, -1.8650607671363377],